district,men_mobile_own,men_mobile_financial,men_mobile_own2,men_mobile_financial2,n_obs_men,women_mobile_own,n_obs_women,digital_gap_ownership
rajnandgaon,0.86189896,0.2248679,0.86189896,0.2248679,70.70369178,0.36975551,167.6681273,0.49214345
rajouri,0.98563212,0.42828709,0.98563212,0.42828709,91.59135604,0.52272487,121.1171516,0.46290725
mandsaur,0.92203051,0.27226207,0.92203051,0.27226207,68.91910237,0.50878292,163.0778166,0.41324759
jammu,0.97664279,0.59643912,0.97664279,0.59643912,173.9677838,0.56778455,269.4374574,0.40885824
kamrup,0.94996488,0.16817659,0.94996488,0.16817659,218.45469,0.54149741,141.4019398,0.40846747
alappuzha,1,0.31279236,1,0.31279236,257.3652574,0.59637654,261.3506479,0.40362346
shimoga,0.96084487,0.38644409,0.96084487,0.38644409,243.6342173,0.55815268,138.3111222,0.4026922
dhalai,0.78313118,0.04614722,0.78313118,0.04614722,54.67257726,0.38051462,44.3978979,0.40261656
haveri,0.91748738,0.16194932,0.91748738,0.16194932,221.5352184,0.52408886,130.2532877,0.39339852
samba,0.99129134,0.43138465,0.99129134,0.43138465,38.7024992,0.61292356,48.71039392,0.37836778
gurgaon,0.95726973,0.59426087,0.95726973,0.59426087,49.90927443,0.59268278,134.2116399,0.36458695
muzaffarpur,0.97321284,0.15554878,0.97321284,0.15554878,512.967145,0.60918695,400.1880358,0.36402589
chirang,0.90308976,0.17047419,0.90308976,0.17047419,55.54769987,0.54229254,40.91452125,0.36079723
balrampur,0.87503684,0.2118302,0.87503684,0.2118302,58.45591161,0.51426536,187.9505447,0.36077148
jhunjhunun,0.95672154,0.35326332,0.95672154,0.35326332,84.58039504,0.60298276,213.517109,0.35373878
cachar,0.89757365,0.26888636,0.89757365,0.26888636,245.0691605,0.54766154,166.136753,0.34991211
hassan,0.95195729,0.42413065,0.95195729,0.42413065,228.8798701,0.60639578,163.9561698,0.3455615
krishna,0.96542853,0.41958639,0.96542853,0.41958639,616.525847,0.62310928,460.9203953,0.34231925
patiala,0.96845835,0.41144067,0.96845835,0.41144067,110.3400302,0.62893295,170.2680132,0.3395254
maldah,0.88054162,0.13448022,0.88054162,0.13448022,487.2486939,0.54188162,374.8980491,0.33866
rewari,0.89091563,0.54986584,0.89091563,0.54986584,32.62708446,0.55798632,93.84796003,0.33292931
sri potti sriramulu nellore,0.87847286,0.36119547,0.87847286,0.36119547,410.5550227,0.5463993,376.5209857,0.33207357
hamirpur,0.93210059,0.10470331,0.93210059,0.10470331,50.52100328,0.60020989,84.08748478,0.3318907
sagar,0.90118062,0.17967202,0.90118062,0.17967202,120.122501,0.56997991,177.9280462,0.33120072
moga,0.94734877,0.22676085,0.94734877,0.22676085,46.28516831,0.61737633,90.98543712,0.32997245
jalna,0.950661,0.13453613,0.950661,0.13453613,289.2534461,0.62679571,173.0097847,0.32386529
uttar dinajpur,0.91463876,0.12847841,0.91463876,0.12847841,368.7018083,0.59184515,288.3664588,0.3227936
bijapur,0.66617888,0.18310617,0.66617888,0.18310617,10.25096697,0.34392792,27.26837771,0.32225096
punch,0.97314245,0.51692683,0.97314245,0.51692683,61.08785996,0.65129334,106.7862863,0.32184911
jhabua,0.8867175,0.090473726,0.8867175,0.090473726,30.59608726,0.56504172,99.26213697,0.32167578
udupi,0.96621734,0.32748535,0.96621734,0.32748535,152.4207459,0.64596695,120.2562649,0.32025039
north goa,0.97288853,0.49358508,0.97288853,0.49358508,115.4088866,0.65266085,252.3814643,0.32022768
koch bihar,0.92401069,0.06946826,0.92401069,0.06946826,440.0945842,0.60379618,277.8383675,0.32021451
srikakulam,0.96681225,0.25071627,0.96681225,0.25071627,278.1042731,0.64701611,241.3830683,0.31979614
anantnag,0.97986948,0.62618864,0.97986948,0.62618864,103.6934484,0.66112131,191.8032595,0.31874818
leh(ladakh),1,0.37987366,1,0.37987366,12.20503993,0.68273181,15.6317,0.31726819
ganderbal,0.97706342,0.33623946,0.97706342,0.33623946,32.08082169,0.66023922,48.34007164,0.3168242
bongaigaon,0.91163909,0.035232678,0.91163909,0.035232678,90.5300234,0.59875089,60.80507001,0.31288821
hardoi,0.88374424,0.086876392,0.88374424,0.086876392,173.1815171,0.57114947,310.4352381,0.31259477
mahe,0.96330851,0.66976577,0.96330851,0.66976577,1.415779005,0.65072787,4.857530996,0.31258065
palwal,0.88640165,0.40542206,0.88640165,0.40542206,45.82559647,0.57563895,86.23587927,0.3107627
west kameng,0.98697811,0.44695461,0.98697811,0.44695461,2.080647015,0.67712158,5.592015941,0.30985653
kolar,0.966313,0.45842448,0.966313,0.45842448,210.2754784,0.65739477,150.2434606,0.30891824
barpeta,0.87330228,0.40016052,0.87330228,0.40016052,222.2206836,0.56512547,145.204116,0.30817682
nagaur,0.91887116,0.30880708,0.91887116,0.30880708,165.9962519,0.61133176,276.9477139,0.3075394
shupiyan,0.99340874,0.47702318,0.99340874,0.47702318,26.02178192,0.68600303,44.236587,0.30740571
mumbai,0.99224138,0.56648505,0.99224138,0.56648505,489.0426531,0.68707174,242.4032438,0.30516964
neemuch,0.95770061,0.271909,0.95770061,0.271909,38.33641922,0.65341181,90.55339277,0.3042888
dakshin dinajpur,0.85180986,0.027793003,0.85180986,0.027793003,256.6517917,0.54772675,150.784297,0.30408311
upper siang,0.93957859,0.229039,0.93957859,0.229039,0.910952009,0.63653731,1.707580008,0.30304128
bangalore rural,0.94029671,0.6327312,0.94029671,0.6327312,138.0235502,0.6379264,96.98168361,0.30237031
siwan,0.8880561,0.078342885,0.8880561,0.078342885,259.0637248,0.58649987,299.0977861,0.30155623
srinagar,0.98588312,0.58233327,0.98588312,0.58233327,147.3934307,0.68498522,225.7263477,0.3008979
papum pare,0.96734154,0.24252106,0.96734154,0.24252106,3.073081074,0.66837913,16.5427829,0.29896241
satara,0.94158226,0.23829861,0.94158226,0.23829861,426.1233611,0.64323425,296.3255634,0.29834801
ratlam,0.90001011,0.29600468,0.90001011,0.29600468,67.74353537,0.60177922,128.1549022,0.29823089
surat,0.92716992,0.20740157,0.92716992,0.20740157,988.909832,0.62976938,1047.784858,0.29740053
malappuram,0.98445475,0.33964765,0.98445475,0.33964765,490.9338114,0.68729192,526.7576628,0.29716283
etawah,0.93423843,0.22364461,0.93423843,0.22364461,64.08967772,0.6371749,125.7265995,0.29706353
east district,0.98421466,0.43583614,0.98421466,0.43583614,39.05955534,0.68755013,31.49315022,0.29666454
mahrajganj,0.91800034,0.1800063,0.91800034,0.1800063,72.17857617,0.62135088,253.409641,0.29664946
aurangabad,0.94840151,0.19915996,0.94840151,0.19915996,509.4757322,0.65199375,325.2032305,0.29640776
goalpara,0.91380984,0.22750172,0.91380984,0.22750172,117.0375258,0.61754835,99.00142264,0.29626149
ramban,0.9938764,0.31356692,0.9938764,0.31356692,38.65447113,0.69769388,39.90988247,0.29618251
south goa,0.97555262,0.58920705,0.97555262,0.58920705,102.8836822,0.6814,169.1075173,0.29415262
cuttack,0.89385051,0.26780847,0.89385051,0.26780847,92.19867986,0.60016894,253.5166415,0.29368156
sangrur,0.91601801,0.20393462,0.91601801,0.20393462,77.72542098,0.623447,134.4646971,0.29257101
porbandar,0.95077723,0.21819648,0.95077723,0.21819648,82.00346681,0.65895063,73.35519162,0.29182661
raigarh,0.9629578,0.21016742,0.9629578,0.21016742,424.0354595,0.67457473,228.3109444,0.28838307
narsimhapur,0.8447246,0.21862377,0.8447246,0.21862377,48.90290408,0.5569576,122.1407582,0.28776699
singrauli,0.90088516,0.11522311,0.90088516,0.11522311,38.26038745,0.61334169,130.9490987,0.28754348
kolhapur,0.91171372,0.20852579,0.91171372,0.20852579,554.4322007,0.62546897,381.6171731,0.28624475
bandipore,0.95574999,0.23667756,0.95574999,0.23667756,43.6491933,0.66966885,66.19174044,0.28608114
tumkur,0.9035126,0.65278673,0.9035126,0.65278673,361.5425051,0.61782968,251.4599768,0.28568292
chikkaballapura,0.96016836,0.60668135,0.96016836,0.60668135,157.1574733,0.67514277,127.4234969,0.2850256
imphal west,0.96821791,0.29601073,0.96821791,0.29601073,63.95188022,0.68336648,44.08486482,0.28485143
chennai,0.98867083,0.64292103,0.98867083,0.64292103,174.7008708,0.70522135,559.6150573,0.28344947
ujjain,0.942316,0.27725372,0.942316,0.27725372,97.3884722,0.66064906,176.34451,0.28166693
ernakulam,0.98598814,0.45427743,0.98598814,0.45427743,458.8314745,0.70460325,324.353094,0.28138489
gopalganj,0.9288767,0.14586037,0.9288767,0.14586037,231.5160948,0.64795709,222.7586818,0.28091961
doda,1,0.28451034,1,0.28451034,50.18411684,0.71955156,60.31596376,0.28044844
virudhunagar,0.91270846,0.37296361,0.91270846,0.37296361,66.75638491,0.63567781,254.9863317,0.27703065
kurnool,0.93587732,0.1791361,0.93587732,0.1791361,513.7918658,0.65887582,445.9118962,0.2770015
gonda,0.8733964,0.1462687,0.8733964,0.1462687,97.56641674,0.59651613,244.3153344,0.27688026
deoria,0.94443595,0.31648013,0.94443595,0.31648013,102.4652923,0.66830075,241.2567207,0.27613521
kendujhar,0.83404404,0.26681411,0.83404404,0.26681411,66.69225788,0.55870801,193.6155255,0.27533603
debagarh,0.86703217,0.12449262,0.86703217,0.12449262,10.01943699,0.59189147,26.97054288,0.2751407
kushinagar,0.94291586,0.31721354,0.94291586,0.31721354,106.6033053,0.66940314,313.8651074,0.27351272
haora,0.94636142,0.22619268,0.94636142,0.22619268,630.8775966,0.67365319,447.9668442,0.27270824
y.s.r.,0.92616057,0.44724864,0.92616057,0.44724864,418.19803,0.65559912,309.0838252,0.27056146
darrang,0.89385223,0.5085488,0.89385223,0.5085488,131.9312225,0.6246143,75.88905853,0.26923794
south andaman,0.96279228,0.21427375,0.96279228,0.21427375,28.75642301,0.69513136,27.09136088,0.26766092
ramanathapuram,0.973472,0.37763608,0.973472,0.37763608,56.54219878,0.70599657,166.3265363,0.26747543
bilaspur,1,0.37416574,1,0.37416574,39.809724,0.73267239,57.68817632,0.26732761
nalbari,0.83953542,0.11569355,0.83953542,0.11569355,106.8824829,0.57225782,71.49953821,0.2672776
ratnagiri,0.95017081,0.20453325,0.95017081,0.20453325,200.3580542,0.68414253,141.7373384,0.26602829
pithoragarh,0.91066056,0.30427125,0.91066056,0.30427125,20.78483904,0.64544678,41.19339526,0.26521379
kupwara,0.98374707,0.52913004,0.98374707,0.52913004,78.64985743,0.71957207,97.09492515,0.264175
purba champaran,0.88207382,0.10944562,0.88207382,0.10944562,474.429647,0.61802149,450.7486587,0.26405233
yadgir,0.92690516,0.29287481,0.92690516,0.29287481,176.1074234,0.66349411,102.569384,0.26341105
idukki,0.96396607,0.38737413,0.96396607,0.38737413,152.3437464,0.70297664,108.785657,0.26098943
mandya,0.9578194,0.29154798,0.9578194,0.29154798,233.0770704,0.69756633,160.7005165,0.26025307
basti,0.91255456,0.30322838,0.91255456,0.30322838,71.16535345,0.65236425,191.7918934,0.26019031
unnao,0.89748681,0.22670236,0.89748681,0.22670236,111.5905718,0.63837641,277.8946726,0.25911039
lower dibang valley,0.92574722,0.43026447,0.92574722,0.43026447,2.883151978,0.66716295,4.603318964,0.25858426
ahmadnagar,0.95963007,0.22023188,0.95963007,0.22023188,593.1125557,0.70119822,421.8341334,0.25843185
lower subansiri,0.94822663,0.28232753,0.94822663,0.28232753,2.250191994,0.69210726,5.792106027,0.25611937
hailakandi,0.87273645,0.22050728,0.87273645,0.22050728,94.65800148,0.61667484,64.15506297,0.25606161
amravati,0.93994296,0.18388192,0.93994296,0.18388192,432.3103777,0.68497014,217.455166,0.25497282
barnala,0.93238574,0.30126241,0.93238574,0.30126241,30.58706684,0.67832392,46.39909336,0.25406182
koppal,0.91241413,0.53406996,0.91241413,0.53406996,205.3451802,0.65960526,117.8927378,0.25280887
sitapur,0.90892959,0.20561449,0.90892959,0.20561449,175.8770797,0.65642303,331.5664258,0.25250655
hingoli,0.91163898,0.11318465,0.91163898,0.11318465,151.9856383,0.65918022,91.18126547,0.25245875
pashchim champaran,0.86608011,0.13087586,0.86608011,0.13087586,396.1271498,0.61378717,356.8587549,0.25229293
kinnaur,0.98337281,0.21170232,0.98337281,0.21170232,12.06390698,0.73157007,10.49886004,0.25180274
udhampur,0.98322713,0.41077989,0.98322713,0.41077989,69.36402023,0.73220056,102.0402117,0.25102657
kottayam,0.97313231,0.3753731,0.97313231,0.3753731,227.2090235,0.72260761,245.1483085,0.2505247
darbhanga,0.91553712,0.19168626,0.91553712,0.19168626,420.8864117,0.66581225,419.5524065,0.24972486
bathinda,0.92777932,0.18614826,0.92777932,0.18614826,76.98986837,0.67964685,109.2891575,0.24813247
theni,0.93118286,0.34691498,0.93118286,0.34691498,56.61282489,0.68390834,206.9948536,0.24727452
krishnagiri,0.95757979,0.49063784,0.95757979,0.49063784,68.86876693,0.711689,334.3509943,0.2458908
jaipur,0.93184829,0.41027677,0.93184829,0.41027677,248.0016258,0.68625468,492.4200681,0.24559361
lakshadweep,0.95812875,0.34191874,0.95812875,0.34191874,6.735046964,0.71279824,8.448357958,0.24533051
supaul,0.91350007,0.034414038,0.91350007,0.034414038,223.3452128,0.66981411,202.4018264,0.24368596
kullu,0.97211903,0.18294667,0.97211903,0.18294667,55.40509668,0.73103279,72.10796043,0.24108624
dadra & nagar haveli,0.9524616,0.35619137,0.9524616,0.35619137,52.4331836,0.71184963,38.29840187,0.24061197
garhwal,0.88417733,0.20732415,0.88417733,0.20732415,15.1140331,0.644086,71.1629371,0.24009132
deoghar,0.88018829,0.17100914,0.88018829,0.17100914,45.55291626,0.64027715,136.4571438,0.23991114
the nilgiris,0.97487622,0.50714159,0.97487622,0.50714159,32.42650321,0.73511165,120.0790815,0.23976457
dhemaji,0.90402263,0.18165025,0.90402263,0.18165025,85.28971136,0.66576892,57.79828772,0.23825371
kannauj,0.92976683,0.19911011,0.92976683,0.19911011,63.80833653,0.69178575,124.6201657,0.23798108
valsad,0.93403691,0.22358845,0.93403691,0.22358845,252.8801314,0.69642925,249.0449513,0.23760766
reasi,0.97454309,0.36575824,0.97454309,0.36575824,36.49651022,0.7369591,61.02382196,0.23758399
shrawasti,0.89284217,0.099864155,0.89284217,0.099864155,37.40222579,0.65561128,85.27352756,0.2372309
mewat,0.92403513,0.32575989,0.92403513,0.32575989,35.58348808,0.68710542,111.2891197,0.23692971
mansa,0.90193164,0.09554287,0.90193164,0.09554287,30.60158996,0.66500992,58.53923568,0.23692173
buldana,0.99569756,0.16817844,0.99569756,0.16817844,391.480139,0.75944018,207.4768192,0.23625737
kishanganj,0.90906471,0.037726793,0.90906471,0.037726793,172.8396318,0.67505985,168.9151866,0.23400486
kolkata,0.93314338,0.35758093,0.93314338,0.35758093,574.7632916,0.69917864,393.3475219,0.23396474
erode,0.97539812,0.42472559,0.97539812,0.42472559,139.5180266,0.74224937,346.7478416,0.23314875
mayurbhanj,0.8391667,0.12525196,0.8391667,0.12525196,87.8584435,0.60635477,212.442054,0.23281193
east godavari,0.96719098,0.12931137,0.96719098,0.12931137,687.2673142,0.73526335,575.0498354,0.23192763
kathua,0.9874472,0.20385206,0.9874472,0.20385206,75.40679973,0.75609297,105.2862731,0.23135424
kodagu,0.95962608,0.53706932,0.95962608,0.53706932,64.94044019,0.73043072,60.0238907,0.22919536
aizawl,0.93490541,0.40321398,0.93490541,0.40321398,45.0957548,0.70613068,42.48908478,0.22877473
tawang,0.93565768,0.46236762,0.93565768,0.46236762,1.351862988,0.70688915,2.671802027,0.22876853
vizianagaram,0.91095823,0.29357424,0.91095823,0.29357424,288.0923553,0.68235058,229.8621939,0.22860765
uttara kannada,0.96975726,0.35462719,0.96975726,0.35462719,267.6195095,0.74237859,162.2108679,0.22737867
hamirpur,0.98678327,0.24370539,0.98678327,0.24370539,41.52864268,0.76008499,76.70590621,0.22669828
damoh,0.86063403,0.13960467,0.86063403,0.13960467,65.49740949,0.63439727,134.5792996,0.22623676
badgam,0.95564014,0.43352404,0.95564014,0.43352404,72.58085811,0.72951823,99.44181637,0.2261219
daman,0.93323469,0.30518129,0.93323469,0.30518129,17.41526791,0.70780993,17.94075586,0.22542477
giridih,0.9474889,0.20955943,0.9474889,0.20955943,56.49892643,0.72270238,213.2685354,0.22478652
faridkot,0.89683789,0.27784148,0.89683789,0.27784148,23.9685597,0.67289031,104.756671,0.22394758
kulgam,1,0.44347492,1,0.44347492,52.5192664,0.77655494,86.92321359,0.22344506
jhajjar,0.87755871,0.50760031,0.87755871,0.50760031,37.68986396,0.65418541,91.21384615,0.22337329
jalandhar,0.91964501,0.31880352,0.91964501,0.31880352,95.82691193,0.69798452,225.9915372,0.22166049
kancheepuram,0.93791372,0.44275346,0.93791372,0.44275346,187.7373499,0.71785325,627.7016803,0.22006047
vidisha,0.86083144,0.25546944,0.86083144,0.25546944,64.10929286,0.6419158,135.0736123,0.21891564
north twenty four parganas,0.95073014,0.16470142,0.95073014,0.16470142,1452.050222,0.73184085,836.786695,0.2188893
sundargarh,0.89505488,0.21569759,0.89505488,0.21569759,77.14171648,0.67668998,207.4257756,0.21836489
madhepura,0.92786074,0.077560693,0.92786074,0.077560693,193.6300023,0.70966345,176.6599265,0.21819729
pudukkottai,0.94326156,0.16810288,0.94326156,0.16810288,52.39803047,0.72546345,221.9756666,0.21779811
ramanagara,0.90650982,0.56785333,0.90650982,0.56785333,125.7075241,0.68905747,97.12400514,0.21745235
sawai madhopur,0.89432746,0.11802958,0.89432746,0.11802958,56.93947208,0.67742717,120.5068853,0.21690029
washim,0.95975524,0.19464073,0.95975524,0.19464073,185.4966877,0.74345857,116.1194565,0.21629667
bangalore,0.97440022,0.60467619,0.97440022,0.60467619,1420.583193,0.75899208,1142.870684,0.21540815
amreli,0.95291072,0.007878168,0.95291072,0.007878168,188.1992559,0.73778021,191.9199696,0.21513051
sikar,0.91074347,0.39986038,0.91074347,0.39986038,111.3737204,0.6962592,298.5306236,0.21448427
chittoor,0.95761991,0.34928176,0.95761991,0.34928176,483.5669627,0.7434299,417.6150351,0.21419001
changlang,0.91453511,0.38218653,0.91453511,0.38218653,4.478904042,0.70116347,13.62320385,0.21337163
dakshina kannada,0.96953642,0.39980143,0.96953642,0.39980143,285.5801517,0.75618058,223.0103066,0.21335584
jalpaiguri,0.89220339,0.17883052,0.89220339,0.17883052,539.68893,0.67948401,352.1273613,0.21271938
siddharthnagar,0.92267513,0.12636855,0.92267513,0.12636855,60.01845831,0.71013993,195.7282496,0.2125352
mahesana,0.93283749,0.15670191,0.93283749,0.15670191,286.6168102,0.72060138,303.2306758,0.21223611
bagalkot,0.96894944,0.24129379,0.96894944,0.24129379,261.2648362,0.75689602,172.3094476,0.21205342
sindhudurg,0.95888138,0.17742752,0.95888138,0.17742752,101.4743684,0.74719924,49.58062059,0.21168214
kannur,0.96282887,0.33189702,0.96282887,0.33189702,229.5856876,0.75348687,307.8936946,0.209342
chamarajanagar,0.93126756,0.51143199,0.93126756,0.51143199,143.1553763,0.72291845,98.8431986,0.20834911
mandi,0.97781402,0.25803053,0.97781402,0.25803053,109.5436813,0.76947904,163.4977271,0.20833498
tuensang,0.95177656,0.080256395,0.95177656,0.080256395,21.11637381,0.74358988,9.63419807,0.20818669
barwani,0.88396108,0.27820963,0.88396108,0.27820963,51.42269155,0.67585814,143.8534254,0.20810294
madurai,0.967866,0.54851562,0.967866,0.54851562,130.3787598,0.76013166,392.8954046,0.20773435
ganganagar,0.94139057,0.3306509,0.94139057,0.3306509,105.6027456,0.73368883,193.4536309,0.20770174
nagpur,0.94334579,0.5319491,0.94334579,0.5319491,581.1259339,0.73827899,342.105425,0.2050668
churachandpur,0.94477987,0.11388177,0.94477987,0.11388177,15.20030894,0.74091232,14.75711621,0.20386755
murshidabad,0.81493616,0.041298922,0.81493616,0.041298922,1086.800058,0.61110491,844.7771716,0.20383126
ranchi,0.95399165,0.41923136,0.95399165,0.41923136,90.18023288,0.75038898,249.2867771,0.20360267
osmanabad,0.96785402,0.18678823,0.96785402,0.18678823,171.7282338,0.76476687,103.7330132,0.20308715
saharsa,0.94773722,0.043908797,0.94773722,0.043908797,212.2015399,0.7453832,167.5169391,0.20235401
kapurthala,0.97721684,0.39457047,0.97721684,0.39457047,33.29924226,0.77566886,60.19517477,0.20154798
kanniyakumari,0.97987205,0.42959628,0.97987205,0.42959628,57.41447818,0.78066653,302.0897025,0.19920552
champawat,0.91435677,0.35194322,0.91435677,0.35194322,8.721282005,0.71536022,22.68802039,0.19899654
chamba,0.98904562,0.24720784,0.98904562,0.24720784,44.4187783,0.79040724,80.92139161,0.19863838
dehradun,0.9866823,0.43364394,0.9866823,0.43364394,57.70893371,0.78837192,200.760103,0.19831038
anand,0.89399016,0.13255146,0.89399016,0.13255146,288.8084376,0.69600087,370.3935719,0.19798928
bikaner,0.94793785,0.26514661,0.94793785,0.26514661,106.6543289,0.75020915,203.698941,0.19772869
raigarh,0.86965454,0.21724382,0.86965454,0.21724382,123.0818914,0.67265666,166.8685417,0.19699788
mamit,0.96859944,0.09306065,0.96859944,0.09306065,9.903738916,0.77207667,7.682854045,0.19652277
saran,0.87609541,0.062030107,0.87609541,0.062030107,404.9731116,0.68033826,339.271095,0.19575715
lakhimpur,0.92901355,0.14637925,0.92901355,0.14637925,121.0577365,0.73331505,102.4296706,0.1956985
tapi,0.86578608,0.13632566,0.86578608,0.13632566,102.5286848,0.67059189,137.2655186,0.19519418
west godavari,0.92009169,0.2901822,0.92009169,0.2901822,510.6030824,0.72533453,431.0881689,0.19475716
harda,0.8769421,0.23239206,0.8769421,0.23239206,26.62552907,0.68315268,52.37272656,0.19378942
kamrup metropolitan,0.95462871,0.33431834,0.95462871,0.33431834,191.7244924,0.76169372,99.66844261,0.19293499
kabeerdham,0.86701113,0.15903309,0.86701113,0.15903309,35.92930102,0.67466503,75.41863269,0.1923461
tamenglong,0.92304009,0.053594373,0.92304009,0.053594373,9.691631966,0.7308408,8.247446027,0.19219929
kokrajhar,0.92595875,0.44288847,0.92595875,0.44288847,109.7167744,0.73393285,70.48419651,0.1920259
vaishali,0.90105748,0.1294753,0.90105748,0.1294753,307.8896141,0.71076703,275.7742302,0.19029045
ghazipur,0.92050636,0.28497088,0.92050636,0.28497088,134.3381909,0.73138797,294.389625,0.18911839
auraiya,0.90388632,0.26867935,0.90388632,0.26867935,44.96266356,0.71537805,125.312906,0.18850827
sonipat,0.9353708,0.39414883,0.9353708,0.39414883,74.9276754,0.74718755,118.7476948,0.18818325
khargone (west nimar),0.92068928,0.26226383,0.92068928,0.26226383,75.26624283,0.73272103,203.1650212,0.18796825
kheri,0.89372271,0.15117638,0.89372271,0.15117638,161.6144609,0.7059868,324.6866091,0.18773592
darjiling,0.8916086,0.18544891,0.8916086,0.18544891,230.6335843,0.70395058,147.3506849,0.18765801
una,0.93028021,0.24906915,0.93028021,0.24906915,60.41711682,0.7441411,91.14222509,0.18613911
kangra,0.95694149,0.18493052,0.95694149,0.18493052,172.7316631,0.77239084,244.9880149,0.18455064
sirmaur,0.91518337,0.31973889,0.91518337,0.31973889,71.08067559,0.73181045,88.02614139,0.18337291
udham singh nagar,0.89733654,0.36596638,0.89733654,0.36596638,77.61130926,0.71449643,135.2652748,0.18284011
katni,0.83168048,0.076102212,0.83168048,0.076102212,37.80970076,0.64906615,115.925943,0.18261433
dibrugarh,0.87126482,0.15506227,0.87126482,0.15506227,193.037536,0.68910855,126.7527477,0.18215626
zunheboto,0.93785417,0.18567692,0.93785417,0.18567692,7.616401967,0.75585645,10.16692898,0.18199772
samastipur,0.88316971,0.054393608,0.88316971,0.054393608,407.5274889,0.70124751,377.4173697,0.1819222
faridabad,0.90210712,0.52750981,0.90210712,0.52750981,76.82444182,0.72018987,301.5172675,0.18191725
thrissur,0.94171572,0.37507784,0.94171572,0.37507784,250.3729107,0.75989842,329.2495459,0.18181729
udalguri,0.86984712,0.079281762,0.86984712,0.079281762,101.9083713,0.68887067,72.98092103,0.18097645
mahasamund,0.90130472,0.1881139,0.90130472,0.1881139,45.89455855,0.72057784,131.1088032,0.18072689
bid,0.96012396,0.15930803,0.96012396,0.15930803,311.9212328,0.78015637,200.3660514,0.17996758
the dangs,0.81615788,0.16301572,0.81615788,0.16301572,25.40717206,0.63667279,34.43215208,0.17948508
lunglei,0.91225809,0.13584456,0.91225809,0.13584456,16.57572832,0.73337483,11.85187904,0.17888325
madhubani,0.86111557,0.15895227,0.86111557,0.15895227,318.0637,0.68268114,403.801356,0.17843443
panchkula,0.92510784,0.44141334,0.92510784,0.44141334,21.66597486,0.74723458,40.98220588,0.17787325
nainital,0.885333,0.25147957,0.885333,0.25147957,38.91467206,0.70766741,71.01319703,0.17766559
karimganj,0.93372196,0.21315031,0.93372196,0.21315031,174.2405788,0.75666112,112.6554935,0.17706084
palakkad,0.93977851,0.31368807,0.93977851,0.31368807,302.4043365,0.76296937,459.7098938,0.17680913
hisar,0.93079299,0.36962718,0.93079299,0.36962718,82.50527322,0.75438231,176.3000892,0.17641068
kasaragod,0.93748444,0.35439101,0.93748444,0.35439101,131.3458492,0.76219159,170.1938042,0.17529285
chikmagalur,0.91620749,0.34789553,0.91620749,0.34789553,149.1336134,0.741162,110.4324546,0.17504549
salem,0.96384108,0.31167457,0.96384108,0.31167457,120.030498,0.78906512,567.8427927,0.17477596
pulwama,0.95691764,0.48206112,0.95691764,0.48206112,51.12064646,0.78252685,69.8553321,0.17439079
champhai,0.90350336,0.14453347,0.90350336,0.14453347,14.37927601,0.72954935,9.219275944,0.17395401
rohtak,0.89705944,0.45363051,0.89705944,0.45363051,44.64936566,0.72319812,95.35111645,0.17386132
bidar,0.9624669,0.40962377,0.9624669,0.40962377,232.9614535,0.78883082,174.2650653,0.17363608
kachchh,0.94178152,0.27196124,0.94178152,0.27196124,287.1689452,0.76814985,292.2773153,0.17363167
anugul,0.88833201,0.2731356,0.88833201,0.2731356,50.52178486,0.71507949,135.9658508,0.17325252
kollam,1,0.2996006,1,0.2996006,246.2616849,0.82770318,373.4555449,0.17229682
baksa,0.85795587,0.2812922,0.85795587,0.2812922,125.6199275,0.68572485,85.61790133,0.17223102
shimla,0.97687757,0.41192025,0.97687757,0.41192025,100.5206747,0.80587184,119.0603838,0.17100573
uttarkashi,0.89310545,0.3191438,0.89310545,0.3191438,12.19238813,0.7227816,31.84604649,0.17032385
raichur,0.93027586,0.29352424,0.93027586,0.29352424,281.1539215,0.76046038,158.2195024,0.16981548
yavatmal,0.90099007,0.22971837,0.90099007,0.22971837,428.8681667,0.73208779,292.2019017,0.16890228
kargil,0.98051363,0.43374041,0.98051363,0.43374041,12.112613,0.81188744,17.84005099,0.16862619
serchhip,0.92304778,0.13422929,0.92304778,0.13422929,7.099777032,0.75456357,3.731416038,0.16848421
bhadrak,0.8491959,0.14953429,0.8491959,0.14953429,47.17554238,0.68218118,132.4468741,0.16701472
ludhiana,0.94103581,0.32104617,0.94103581,0.32104617,163.0859838,0.77483761,281.6774461,0.16619819
bijapur,0.93305057,0.37615779,0.93305057,0.37615779,242.7093463,0.76735145,179.9477196,0.16569912
solan,0.98363072,0.36392418,0.98363072,0.36392418,91.01677856,0.81801909,113.7935011,0.16561162
panna,0.80732566,0.14581192,0.80732566,0.14581192,41.71636024,0.64219284,84.53680742,0.16513282
dharwad,0.90784472,0.49604487,0.90784472,0.49604487,295.1331699,0.74287444,181.0375959,0.16497028
jalgaon,0.90740281,0.18332416,0.90740281,0.18332416,550.1185176,0.74256152,316.176443,0.16484129
imphal east,0.93566799,0.11722352,0.93566799,0.11722352,68.76290576,0.77132612,38.02055223,0.16434187
cuddalore,0.91888499,0.3136965,0.91888499,0.3136965,84.97592002,0.75460225,379.7864095,0.16428274
bahraich,0.83677328,0.069482036,0.83677328,0.069482036,102.0631777,0.67282486,258.9111807,0.16394842
khordha,0.92062873,0.45443785,0.92062873,0.45443785,87.77590448,0.75716144,230.4971682,0.16346729
gorakhpur,0.92413247,0.25587332,0.92413247,0.25587332,151.2542502,0.76069021,378.5084716,0.16344225
dimapur,0.9796887,0.35230967,0.9796887,0.35230967,40.95515734,0.8170886,33.07203598,0.1626001
jaisalmer,0.91554654,0.30741289,0.91554654,0.30741289,30.51728628,0.75321448,50.7441628,0.16233206
pathanamthitta,1,0.16993146,1,0.16993146,122.475825,0.83770281,134.5970784,0.16229719
thoubal,0.88516527,0.2387895,0.88516527,0.2387895,53.51372787,0.72287816,34.29037602,0.16228712
morigaon,0.84342659,0.31579682,0.84342659,0.31579682,109.6784029,0.68132651,86.46134672,0.16210008
sant kabir nagar,0.93682146,0.093693227,0.93682146,0.093693227,43.06199464,0.77475882,151.5369627,0.16206264
sheohar,0.89369357,0.083152309,0.89369357,0.083152309,65.80904919,0.73211622,70.23573986,0.16157734
visakhapatnam,0.90807635,0.36601728,0.90807635,0.36601728,537.733753,0.74653888,381.2097747,0.16153747
pune,0.97752362,0.52244204,0.97752362,0.52244204,1885.658255,0.81688702,1071.01415,0.1606366
wayanad,0.88796872,0.4594838,0.88796872,0.4594838,95.52234751,0.72780061,115.4496099,0.16016811
north  & middle andaman,0.93122423,0.19453196,0.93122423,0.19453196,13.85136403,0.7711277,10.74750495,0.16009653
churu,0.86747396,0.22931033,0.86747396,0.22931033,102.1862369,0.70861268,159.6787581,0.15886128
dausa,0.88195175,0.28595883,0.88195175,0.28595883,64.67084783,0.72380596,135.2008079,0.15814579
viluppuram,0.92889124,0.31018901,0.92889124,0.31018901,108.6384438,0.77091628,485.1369866,0.15797496
narayanpur,0.55713916,0.17502616,0.55713916,0.17502616,5.486569932,0.3993822,17.06590595,0.15775695
alirajpur,0.82330692,0.13328543,0.82330692,0.13328543,21.8867451,0.66566527,77.46490091,0.15764165
shivpuri,0.91058278,0.24008356,0.91058278,0.24008356,70.09749609,0.75305259,169.828857,0.15753019
bara banki,0.82642341,0.095004931,0.82642341,0.095004931,128.4283074,0.66951412,256.8412932,0.15690929
rajsamand,0.94731534,0.34474564,0.94731534,0.34474564,51.53407314,0.79083079,103.9782457,0.15648454
mokokchung,1,0.18109044,1,0.18109044,14.24752806,0.84396285,8.742815025,0.15603715
ballia,0.90029001,0.24382722,0.90029001,0.24382722,100.4349248,0.7444976,272.2088503,0.15579242
korba,0.86851144,0.20874161,0.86851144,0.20874161,56.15817316,0.71351582,122.6337317,0.15499562
yanam,0.92999732,0.63102192,0.92999732,0.63102192,2.536830998,0.77507657,6.985621912,0.15492076
jajapur,0.84259146,0.2474743,0.84259146,0.2474743,77.68872282,0.68844974,176.2325104,0.15414172
banas kantha,0.8811996,0.15163301,0.8811996,0.15163301,306.6250252,0.72801161,435.0442557,0.15318799
kozhikode,0.98126048,0.50115478,0.98126048,0.50115478,393.4275305,0.83043337,372.6344111,0.15082711
sidhi,0.7878558,0.16786394,0.7878558,0.16786394,39.30738594,0.6371839,112.9654373,0.1506719
south twenty four parganas,0.90695596,0.085639141,0.90695596,0.085639141,1135.733655,0.75666457,725.0216751,0.15029138
baramula,0.94171333,0.30420232,0.94171333,0.30420232,135.4725585,0.79159576,161.5307655,0.15011758
dewas,0.92460626,0.23478648,0.92460626,0.23478648,70.37503847,0.77479649,147.0978269,0.14980978
jamui,0.92677391,0.078886509,0.92677391,0.078886509,144.7944713,0.77741623,145.8761225,0.14935768
hazaribagh,0.84214664,0.070222713,0.84214664,0.070222713,45.1975027,0.69300961,176.841598,0.14913702
dhar,0.84969932,0.35132462,0.84969932,0.35132462,69.86939913,0.7033869,249.3814902,0.14631242
baleshwar,0.84469551,0.23923811,0.84469551,0.23923811,72.00458616,0.69861555,230.3462832,0.14607996
jhalawar,0.89580417,0.2466512,0.89580417,0.2466512,60.88654414,0.75005978,115.9327167,0.14574438
mysore,0.90425187,0.41215041,0.90425187,0.41215041,458.1531055,0.75893837,309.6061732,0.1453135
tinsukia,0.79378814,0.18564267,0.79378814,0.18564267,174.8244339,0.6486392,137.6507505,0.14514893
chandauli,0.84323263,0.2083554,0.84323263,0.2083554,85.25969341,0.6985504,183.8546534,0.14468223
south district,0.95675814,0.27394658,0.95675814,0.27394658,14.13747893,0.81256771,4.868853875,0.14419043
jodhpur,0.90783101,0.37162894,0.90783101,0.37162894,190.5315843,0.76383394,304.1432962,0.14399707
hanumangarh,0.95347583,0.22523497,0.95347583,0.22523497,92.83177775,0.80976462,163.9752635,0.14371121
wokha,0.99300951,0.33606035,0.99300951,0.33606035,9.636576913,0.84933662,5.761665961,0.14367288
bharatpur,0.88766158,0.18803634,0.88766158,0.18803634,84.84058443,0.74399215,212.220107,0.14366943
katihar,0.85781765,0.051139809,0.85781765,0.051139809,280.7841847,0.7144351,250.3318821,0.14338255
solapur,0.94037962,0.19028401,0.94037962,0.19028401,579.810446,0.79725248,381.2365612,0.14312714
bhagalpur,0.92592239,0.12608582,0.92592239,0.12608582,518.6582218,0.78312558,267.1257986,0.14279681
sahibganj,0.86877882,0.12431162,0.86877882,0.12431162,38.26888658,0.72609526,101.2472277,0.14268357
amritsar,0.90543514,0.50071937,0.90543514,0.50071937,115.7076405,0.76301253,197.418604,0.14242262
belgaum,0.94752669,0.45366645,0.94752669,0.45366645,748.0093491,0.80644733,388.8997524,0.14107937
karauli,0.88773698,0.15883675,0.88773698,0.15883675,53.67515942,0.74787927,119.2728834,0.13985771
patan,0.91553587,0.18507715,0.91553587,0.18507715,179.8537378,0.77631837,192.9336432,0.1392175
nandurbar,0.73474699,0.21235304,0.73474699,0.21235304,226.4374758,0.59577644,146.2962324,0.13897055
dibang valley,0.95359474,0.22896251,0.95359474,0.22896251,0.340930999,0.8154934,0.331649002,0.13810134
kishtwar,0.82827276,0.4138433,0.82827276,0.4138433,29.79463901,0.6902073,35.17615688,0.13806546
ramgarh,0.8563078,0.21820162,0.8563078,0.21820162,40.85649881,0.71829283,74.85078099,0.13801497
mainpuri,0.80135894,0.17102468,0.80135894,0.17102468,62.4310775,0.66350752,160.610731,0.13785142
akola,0.95541555,0.12966751,0.95541555,0.12966751,299.7400842,0.8177976,155.4358328,0.13761795
golaghat,0.77572793,0.20479071,0.77572793,0.20479071,129.7297263,0.63831246,104.4014391,0.13741547
senapati,0.87447369,0.13051008,0.87447369,0.13051008,12.10611317,0.73780531,12.83352717,0.13666838
perambalur,0.8953737,0.24785236,0.8953737,0.24785236,17.83762403,0.75916052,84.43489143,0.13621318
coimbatore,0.94747955,0.62766731,0.94747955,0.62766731,130.4041074,0.81147677,608.0876379,0.13600278
indore,0.91027302,0.45663109,0.91027302,0.45663109,154.5228134,0.77450407,316.4470344,0.13576895
chitradurga,0.91935354,0.34924823,0.91935354,0.34924823,190.8379384,0.78390801,195.1795294,0.13544554
prakasam,0.94528848,0.25310683,0.94528848,0.25310683,366.7117584,0.80996704,338.9102435,0.13532144
munger,0.92360759,0.084857143,0.92360759,0.084857143,174.2106609,0.78846806,105.5483246,0.13513952
karur,0.87584949,0.22237924,0.87584949,0.22237924,34.27616388,0.74128515,179.3855481,0.13456434
dohad,0.80001628,0.088475361,0.80001628,0.088475361,235.7975502,0.66605389,224.2828079,0.13396239
sangli,0.89294428,0.22424741,0.89294428,0.22424741,375.2564964,0.75917763,281.423985,0.13376665
pali,0.95761514,0.38697004,0.95761514,0.38697004,84.16518959,0.82398021,176.6666352,0.13363492
purnia,0.84202564,0.020991908,0.84202564,0.020991908,362.9175879,0.7095381,281.7647241,0.13248754
buxar,0.90117449,0.13116114,0.90117449,0.13116114,177.4357165,0.76873308,157.0160669,0.1324414
gondiya,0.87291932,0.23704728,0.87291932,0.23704728,174.9091924,0.74076355,121.6356993,0.13215578
tikamgarh,0.83926892,0.15630823,0.83926892,0.15630823,66.23706934,0.70737082,126.2944848,0.13189811
bishnupur,0.88874793,0.12721826,0.88874793,0.12721826,28.31724577,0.75703901,14.77794506,0.13170892
upper subansiri,0.86289382,0.11698133,0.86289382,0.11698133,1.987349981,0.73123443,6.354444958,0.13165939
chhatarpur,0.86584157,0.086479694,0.86584157,0.086479694,78.21737221,0.73476297,124.0595728,0.1310786
ajmer,0.93745047,0.29407889,0.93745047,0.29407889,106.4366314,0.80668759,226.0353635,0.13076288
balaghat,0.90053213,0.25267947,0.90053213,0.25267947,81.08052903,0.77022219,182.3490723,0.13030994
anantapur,0.94952053,0.27133876,0.94952053,0.27133876,596.7428353,0.82080227,348.4661932,0.12871826
kohima,0.97646886,0.44579872,0.97646886,0.44579872,22.29285093,0.84793884,16.64702607,0.12853003
dhenkanal,0.86650586,0.34821379,0.86650586,0.34821379,35.9630442,0.73828238,124.5667748,0.12822348
lalitpur,0.92272282,0.11575927,0.92272282,0.11575927,61.33615616,0.79507011,86.04169053,0.1276527
bokaro,0.91803753,0.24553451,0.91803753,0.24553451,72.5713855,0.79091257,172.7532694,0.12712497
puducherry,0.90853107,0.5416339,0.90853107,0.5416339,33.14757402,0.78151059,126.6280217,0.12702048
kandhamal,0.79422665,0.1873232,0.79422665,0.1873232,29.73207445,0.66823173,68.39976555,0.12599492
hugli,0.90137136,0.14197633,0.90137136,0.14197633,702.1948748,0.77585632,537.9690275,0.12551504
janjgir - champa,0.83204228,0.12406442,0.83204228,0.12406442,65.01374108,0.70670682,200.1707592,0.12533545
jyotiba phule nagar,0.94783056,0.27083507,0.94783056,0.27083507,64.56031889,0.82254469,154.9881462,0.12528586
gulbarga,0.8756302,0.21690881,0.8756302,0.21690881,331.9055264,0.75037313,195.3535447,0.12525707
bellary,0.88668185,0.49057412,0.88668185,0.49057412,333.4518131,0.76178193,263.559328,0.12489992
nabarangapur,0.80046254,0.18251196,0.80046254,0.18251196,49.81527406,0.6762383,126.2247172,0.12422425
chandel,0.87746263,0.20862143,0.87746263,0.20862143,9.526463851,0.75367123,8.894351028,0.1237914
kalahandi,0.83741778,0.18647018,0.83741778,0.18647018,52.35797566,0.7148059,135.0915482,0.12261188
dima hasao,0.84776789,0.26483762,0.84776789,0.26483762,26.20937069,0.72569567,15.25629495,0.12207222
sambalpur,0.85723573,0.21247233,0.85723573,0.21247233,38.67134291,0.7360177,101.6990449,0.12121803
lucknow,0.88116574,0.28182676,0.88116574,0.28182676,198.5233143,0.76002651,360.6844472,0.12113923
bhopal,0.95128399,0.45738149,0.95128399,0.45738149,97.13837409,0.83040214,253.5892737,0.12088186
karnal,0.94719785,0.31703639,0.94719785,0.31703639,71.24658057,0.82675195,134.918088,0.12044591
subarnapur,0.89484179,0.18067394,0.89484179,0.18067394,24.49436206,0.77494764,65.40493676,0.11989415
bhandara,0.91830957,0.17266677,0.91830957,0.17266677,172.3089233,0.7985363,109.1473113,0.11977327
alwar,0.92381805,0.22608347,0.92381805,0.22608347,136.6316339,0.80516642,294.0320334,0.11865163
sahibzada ajit singh nagar,0.95400894,0.41375172,0.95400894,0.41375172,42.67895317,0.83611882,74.51729894,0.11789012
tiruvannamalai,0.93707448,0.26964664,0.93707448,0.26964664,84.66773146,0.81946778,341.0803746,0.1176067
longleng,0.92963696,0.24254258,0.92963696,0.24254258,4.818103952,0.8129245,3.525844982,0.11671245
mumbai suburban,0.99079299,0.45597649,0.99079299,0.45597649,1373.108185,0.874309,977.5249238,0.11648399
bharuch,0.87184501,0.18577063,0.87184501,0.18577063,186.9168724,0.7559498,231.3474489,0.11589521
ganjam,0.86714602,0.35511181,0.86714602,0.35511181,109.2978727,0.7513746,303.5149268,0.11577141
guntur,0.85866123,0.14176103,0.85866123,0.14176103,588.9367275,0.74315178,532.786881,0.11550945
baran,0.88146085,0.27557683,0.88146085,0.27557683,64.14447752,0.76630372,105.9393258,0.11515713
vellore,0.90616566,0.60879004,0.90616566,0.60879004,145.544762,0.79121953,608.5760658,0.11494613
kodarma,0.87794596,0.22635597,0.87794596,0.22635597,22.85449398,0.76326889,61.88460875,0.11467707
jhansi,0.9715724,0.36791968,0.9715724,0.36791968,93.39678296,0.85714716,146.3784486,0.11442524
ariyalur,0.89405257,0.38804209,0.89405257,0.38804209,21.19194517,0.78008783,109.3702501,0.11396474
tehri garhwal,0.88405854,0.22315104,0.88405854,0.22315104,15.40382583,0.77094954,68.73811051,0.11310899
thoothukkudi,0.88655472,0.35173279,0.88655472,0.35173279,58.51594207,0.77397233,248.3309119,0.11258239
araria,0.88092196,0.07772439,0.88092196,0.07772439,334.6190839,0.76901114,243.0622735,0.11191082
jharsuguda,0.89671642,0.23735555,0.89671642,0.23735555,24.22438486,0.78568518,55.10016324,0.11103123
thiruvananthapuram,0.96898007,0.40683097,0.96898007,0.40683097,352.3546419,0.8589676,416.4634486,0.11001247
shahid bhagat singh nagar,0.95115089,0.54252374,0.95115089,0.54252374,22.65977599,0.84224963,53.89661214,0.10890126
south garo hills,0.947326,0.1390758,0.947326,0.1390758,13.98116092,0.84011436,11.87183899,0.10721165
anjaw,0.9044109,0.24086092,0.9044109,0.24086092,0.669229005,0.7975238,1.498339011,0.1068871
mirzapur,0.92184645,0.19075108,0.92184645,0.19075108,90.27428514,0.81575102,187.7610108,0.10609543
wardha,0.90683991,0.24103701,0.90683991,0.24103701,196.6610333,0.80141819,124.3010904,0.10542172
udaipur,0.91472518,0.35481077,0.91472518,0.35481077,138.3263165,0.80940539,257.3046845,0.1053198
nashik,0.88217932,0.21284877,0.88217932,0.21284877,806.6829145,0.77932119,663.4268196,0.10285813
pashchimi singhbhum,0.84324402,0.12577097,0.84324402,0.12577097,50.48789802,0.74057508,117.8427018,0.10266894
phek,0.87663192,0.17348707,0.87663192,0.17348707,15.72324287,0.77475315,10.180868,0.10187876
kanshiram nagar,0.87341189,0.20074205,0.87341189,0.20074205,47.08062938,0.7726388,107.4373503,0.1007731
latur,0.94647145,0.26011252,0.94647145,0.26011252,293.1629443,0.84588933,198.5894509,0.10058212
west district,0.91938478,0.17456673,0.91938478,0.17456673,15.04986483,0.81882757,15.21051888,0.10055721
kolasib,0.93307304,0.26666859,0.93307304,0.26666859,10.32767889,0.83257413,5.226948048,0.10049891
birbhum,0.87161356,0.11644422,0.87161356,0.11644422,526.6202295,0.77183247,375.7149045,0.099781096
satna,0.86210352,0.05250144,0.86210352,0.05250144,69.63701516,0.76424158,175.2180055,0.097861946
pakur,0.78713232,0.10212044,0.78713232,0.10212044,30.10060416,0.69042331,86.71849692,0.096709013
bargarh,0.88894629,0.24605599,0.88894629,0.24605599,61.91344148,0.79298353,145.6116083,0.095962763
burhanpur,0.86297029,0.26752198,0.86297029,0.26752198,34.75542487,0.76711732,65.5350979,0.095852971
parbhani,0.91675025,0.20929939,0.91675025,0.20929939,278.2172507,0.82111329,164.1368645,0.095636964
khagaria,0.90960938,0.11206596,0.90960938,0.11206596,170.6544554,0.814861,145.9317634,0.094748378
lohardaga,0.85904884,0.21672031,0.85904884,0.21672031,14.173475,0.76563174,33.91792874,0.093417108
karaikal,0.9365744,0.37742734,0.9365744,0.37742734,8.728765875,0.8432259,26.67765795,0.093348503
thiruvallur,0.93046302,0.40878728,0.93046302,0.40878728,162.04678,0.83780473,675.1832339,0.092658281
palamu,0.84745854,0.19216993,0.84745854,0.19216993,68.39836079,0.75540948,155.2145239,0.092049062
nanded,0.92282444,0.24387319,0.92282444,0.24387319,430.8450645,0.83179647,332.9498876,0.091027975
kurukshetra,0.92050451,0.28801757,0.92050451,0.28801757,32.78417107,0.82987338,81.94245532,0.090631127
rupnagar,0.96624839,0.38603219,0.96624839,0.38603219,27.32129717,0.87651169,51.03301316,0.0897367
tiruchirappalli,0.88858932,0.38109896,0.88858932,0.38109896,91.78064221,0.79970092,382.3407615,0.088888407
aurangabad,0.90046346,0.10071927,0.90046346,0.10071927,262.5115162,0.81206512,184.9165619,0.088398337
gadchiroli,0.89090294,0.27456987,0.89090294,0.27456987,142.7323893,0.80260712,101.8489589,0.088295817
purba medinipur,0.85781777,0.10670815,0.85781777,0.10670815,631.6136451,0.77019471,611.3459172,0.08762306
paschim medinipur,0.84748125,0.042995501,0.84748125,0.042995501,791.4857779,0.76010293,606.9176741,0.087378323
kiphire,0.95265359,0.013903639,0.95265359,0.013903639,5.426116031,0.86569697,5.354756959,0.08695662
nayagarh,0.80515212,0.27162746,0.80515212,0.27162746,37.7118288,0.71829027,97.28939509,0.086861849
dhanbad,0.89829528,0.32097483,0.89829528,0.32097483,101.1245385,0.81233388,241.1769949,0.085961401
jalaun,0.8826555,0.1649224,0.8826555,0.1649224,70.66654763,0.79823399,112.4138993,0.084421515
mon,0.90784931,0.24747783,0.90784931,0.24747783,17.57267022,0.82482719,13.55993807,0.083022118
khunti,0.77616739,0.080146521,0.77616739,0.080146521,16.28963207,0.69387877,46.24827808,0.082288623
baudh,0.8337279,0.20564133,0.8337279,0.20564133,17.53358983,0.75148261,40.89627905,0.08224529
namakkal,0.95358908,0.47188658,0.95358908,0.47188658,56.6472553,0.87180686,269.3984662,0.081782222
tiruppur,0.96830428,0.44331065,0.96830428,0.44331065,70.74147189,0.88721752,423.3184032,0.081086755
jabalpur,0.95696491,0.041402318,0.95696491,0.041402318,59.94917297,0.87595427,218.008891,0.08101064
pratapgarh,0.88211149,0.2619648,0.88211149,0.2619648,109.6301736,0.80135059,235.265022,0.080760896
chandrapur,0.90907753,0.41471192,0.90907753,0.41471192,344.8500321,0.82839113,175.0354465,0.08068639
sirsa,0.85600573,0.2559596,0.85600573,0.2559596,18.15582955,0.77548414,110.7372125,0.080521584
datia,0.86810416,0.22560583,0.86810416,0.22560583,31.991826,0.79019618,71.00176728,0.077907979
ukhrul,0.8831526,0.13806532,0.8831526,0.13806532,13.63154808,0.80701405,9.906811988,0.076138556
ambala,0.89928198,0.29549417,0.89928198,0.29549417,38.99915083,0.82390994,97.58810824,0.07537204
peren,0.93022096,0.10488764,0.93022096,0.10488764,6.219124036,0.85564446,4.079415974,0.074576497
gwalior,0.87814701,0.28884214,0.87814701,0.28884214,90.30334836,0.8035844,178.4918891,0.074562609
navsari,0.8846966,0.29653224,0.8846966,0.29653224,183.465838,0.81023067,196.4837466,0.07446593
kota,0.96002287,0.42340159,0.96002287,0.42340159,75.42890367,0.8860237,176.3403822,0.073999166
yamunanagar,0.9056381,0.23690462,0.9056381,0.23690462,47.11333013,0.83306575,111.4347755,0.072572351
jamtara,0.84544599,0.16913739,0.84544599,0.16913739,30.77790917,0.77306408,73.51077473,0.072381914
balangir,0.86978418,0.28402051,0.86978418,0.28402051,66.04841131,0.79778218,174.5306762,0.072001994
dungarpur,0.87886345,0.4277961,0.87886345,0.4277961,76.35301799,0.80723149,130.4052986,0.071631968
thanjavur,0.92246014,0.33885413,0.92246014,0.33885413,63.762815,0.85086799,327.4099331,0.071592152
rajgarh,0.86422944,0.094449461,0.86422944,0.094449461,64.59695122,0.7927435,147.322408,0.071485937
sehore,0.83748972,0.20375708,0.83748972,0.20375708,59.63095835,0.76625282,116.9057654,0.071236908
sheopur,0.78656095,0.27680954,0.78656095,0.27680954,27.24497198,0.71577603,62.4686729,0.070784926
muktsar,0.90086496,0.22462951,0.90086496,0.22462951,40.38471013,0.83062249,94.26843825,0.070242465
dhamtari,0.82586151,0.19773442,0.82586151,0.19773442,31.555877,0.75569308,91.71631703,0.070168436
saiha,0.83903265,0.20347369,0.83903265,0.20347369,5.620329924,0.76909488,3.90394998,0.069937766
hoshiarpur,0.96639729,0.5393737,0.96639729,0.5393737,63.83553219,0.89652401,139.7440316,0.069873273
fatehgarh sahib,0.94325382,0.25567809,0.94325382,0.25567809,29.07260971,0.87350011,50.95699604,0.069753706
gadag,0.91351372,0.22569402,0.91351372,0.22569402,167.9743878,0.84396607,101.3987225,0.069547653
chamoli,0.91789949,0.33628964,0.91789949,0.33628964,11.96708796,0.84851515,32.1437144,0.069384336
bulandshahr,0.89712673,0.28702378,0.89712673,0.28702378,116.6645068,0.82837713,340.2493621,0.068749607
gautam buddha nagar,0.9647488,0.52936476,0.9647488,0.52936476,73.52424937,0.89606214,123.2144994,0.068686664
tarn taran,0.85623205,0.28907678,0.85623205,0.28907678,37.51128498,0.7875644,99.01359163,0.06866765
jagatsinghapur,0.91237617,0.16657312,0.91237617,0.16657312,30.41664317,0.84500438,116.8688487,0.067371786
jalor,0.84633917,0.24989219,0.84633917,0.24989219,110.6806042,0.77922451,165.8665577,0.067114651
lakhisarai,0.91026539,0.19386302,0.91026539,0.19386302,111.2694038,0.84379905,68.52729878,0.066466331
fatehpur,0.8942005,0.16221952,0.8942005,0.16221952,100.8176393,0.82856911,194.5201656,0.06563139
kanpur dehat,0.87050796,0.10504652,0.87050796,0.10504652,62.30513415,0.80523044,138.8840894,0.065277517
panipat,0.88671756,0.37326679,0.88671756,0.37326679,50.77443883,0.8218872,86.66632748,0.064830363
bageshwar,0.85756105,0.30755576,0.85756105,0.30755576,8.100608028,0.79277098,27.2548779,0.06479007
sheikhpura,0.90203327,0.27842695,0.90203327,0.27842695,68.43078116,0.83842361,50.22032531,0.06360966
banka,0.90923798,0.080768526,0.90923798,0.080768526,195.5093174,0.84630811,193.3402633,0.062929869
lawngtlai,0.87295449,0.16237809,0.87295449,0.16237809,14.25454998,0.81025463,9.448213942,0.062699854
latehar,0.89864832,0.1213766,0.89864832,0.1213766,26.70347117,0.83630586,59.33194336,0.062342465
banswara,0.85845023,0.23191395,0.85845023,0.23191395,72.97781757,0.79682392,163.1765718,0.061626315
chandigarh,0.92530221,0.52877283,0.92530221,0.52877283,49.27297741,0.86388403,91.45999366,0.061418176
patna,0.91996193,0.30050018,0.91996193,0.30050018,733.834254,0.85878801,507.0439211,0.061173916
nicobars,0.88460857,0.020495407,0.88460857,0.020495407,3.62256003,0.82344192,2.396868021,0.061166644
raisen,0.87368774,0.16340168,0.87368774,0.16340168,19.76998129,0.81315207,120.6971812,0.060535669
fatehabad,0.89807707,0.34517089,0.89807707,0.34517089,48.69412318,0.83827424,84.8592159,0.05980283
almora,0.88981473,0.25152373,0.88981473,0.25152373,13.61745496,0.83022171,43.60860905,0.059593022
mau,0.90428948,0.27742922,0.90428948,0.27742922,84.19082126,0.84543717,206.346689,0.058852315
jashpur,0.76087582,0.22544478,0.76087582,0.22544478,34.91379704,0.70225108,86.83406362,0.058624744
davanagere,0.8340531,0.46824834,0.8340531,0.46824834,254.5803658,0.77550858,173.8406739,0.058544517
sonbhadra,0.81655109,0.11811094,0.81655109,0.11811094,77.06171256,0.75922275,159.7160682,0.057328343
rudraprayag,0.91871983,0.26571199,0.91871983,0.26571199,6.785849996,0.86140168,22.80545862,0.057318151
puruliya,0.83546537,0.067602873,0.83546537,0.067602873,344.5464013,0.77948254,266.5808243,0.055982828
gumla,0.85765171,0.11554248,0.85765171,0.11554248,42.02125722,0.80177671,76.12357324,0.055875003
simdega,0.87607902,0.11196213,0.87607902,0.11196213,21.45508104,0.82030082,45.50812119,0.055778205
hardwar,0.79299378,0.24746773,0.79299378,0.24746773,75.95998007,0.73857224,155.3226612,0.054421544
mahoba,0.88781941,0.31972122,0.88781941,0.31972122,41.86594725,0.83358443,61.18865687,0.054234982
dumka,0.84919065,0.17664546,0.84919065,0.17664546,45.19207072,0.79534853,108.2212734,0.053842127
thiruvarur,0.89132452,0.32146388,0.89132452,0.32146388,38.22932804,0.838063,192.1189322,0.053261518
chittaurgarh,0.91580379,0.28735048,0.91580379,0.28735048,56.60999298,0.86433893,137.3714179,0.051464856
dhaulpur,0.8076182,0.1475119,0.8076182,0.1475119,44.08893688,0.75649023,90.11057901,0.05112797
nawada,0.94129062,0.20547198,0.94129062,0.20547198,207.3528455,0.8905018,173.5694604,0.05078882
dharmapuri,0.89140218,0.33914939,0.89140218,0.33914939,48.9955264,0.84104919,266.9363449,0.050352991
saraikela-kharsawan,0.88829124,0.22274081,0.88829124,0.22274081,44.79156573,0.83809847,89.82947665,0.050192773
narmada,0.76220703,0.12363396,0.76220703,0.12363396,84.66794199,0.71250325,90.49507385,0.049703777
sirohi,0.92904168,0.34762546,0.92904168,0.34762546,48.93488348,0.88046604,87.55456215,0.04857564
kanpur nagar,0.92490059,0.23302786,0.92490059,0.23302786,177.7370187,0.87648612,356.6253106,0.048414469
bhind,0.84974051,0.18613404,0.84974051,0.18613404,64.67208952,0.8018598,133.2093807,0.047880709
puri,0.81301403,0.44349006,0.81301403,0.44349006,58.534228,0.7662369,173.0540141,0.046777129
purbi singhbhum,0.83417153,0.43087733,0.83417153,0.43087733,97.26589927,0.78795373,235.2197893,0.046217799
nalanda,0.89490324,0.098909296,0.89490324,0.098909296,336.901922,0.84905457,214.2044921,0.045848668
mathura,0.84158361,0.14714341,0.84158361,0.14714341,114.7955058,0.79639101,258.9048921,0.045192599
anuppur,0.79325753,0.16476519,0.79325753,0.16476519,39.20972225,0.74813837,74.67752722,0.045119166
barmer,0.90688491,0.25795922,0.90688491,0.25795922,120.7273174,0.86276275,171.2119057,0.044122159
tirunelveli,0.94192088,0.28776279,0.94192088,0.28776279,109.5686688,0.89914662,400.6403997,0.04277426
diu,0.92630059,0.26104119,0.92630059,0.26104119,3.297759943,0.88379943,5.831155884,0.042501152
kaithal,0.87578118,0.43115032,0.87578118,0.43115032,37.37354086,0.8340295,82.54775298,0.041751683
koriya,0.71603948,0.19047759,0.71603948,0.19047759,25.20880604,0.67430592,66.87185917,0.041733563
mahendragarh,0.89217341,0.4799369,0.89217341,0.4799369,36.46623379,0.85077244,88.74608439,0.041400969
ashoknagar,0.88868636,0.21628515,0.88868636,0.21628515,29.69923416,0.84967673,72.78515509,0.039009631
bankura,0.82211792,0.10323343,0.82211792,0.10323343,491.3743169,0.78342044,338.2540473,0.038697481
dindigul,0.90708184,0.47654149,0.90708184,0.47654149,101.7573595,0.86928332,353.8129075,0.037798524
etah,0.81515765,0.12418401,0.81515765,0.12418401,66.39971626,0.77947897,142.8384134,0.035678685
seoni,0.81650335,0.17536509,0.81650335,0.17536509,59.47621199,0.78211844,128.9770277,0.034384906
azamgarh,0.85027498,0.19878758,0.85027498,0.19878758,148.3125219,0.81666535,415.2714565,0.033609629
gandhinagar,0.87719202,0.21665612,0.87719202,0.21665612,223.4578741,0.84423167,245.6194912,0.032960355
dhule,0.84361964,0.11907832,0.84361964,0.11907832,261.4655789,0.81070316,179.2274714,0.032916486
firozabad,0.83241707,0.1750865,0.83241707,0.1750865,105.5538117,0.80190897,176.9260668,0.030508101
north  district,0.90485495,0.12561005,0.90485495,0.12561005,3.259561,0.87480158,3.673710014,0.030053377
allahabad,0.8761577,0.27316916,0.8761577,0.27316916,208.8272896,0.8461206,464.2677913,0.030037105
agra,0.86977249,0.19267018,0.86977249,0.19267018,153.2311005,0.84082603,359.4921913,0.028946459
nadia,0.8349545,0.072378688,0.8349545,0.072378688,744.0870626,0.80712765,526.1395767,0.027826846
chhindwara,0.82829213,0.20124227,0.82829213,0.20124227,72.38823795,0.80123079,215.343438,0.027061343
bhojpur,0.88387024,0.20838544,0.88387024,0.20838544,387.3176174,0.85749733,249.7553456,0.02637291
chatra,0.88991857,0.14365646,0.88991857,0.14365646,30.29455282,0.86399084,79.60337144,0.025927722
kaushambi,0.87852484,0.16107029,0.87852484,0.16107029,55.44699377,0.85406959,120.3496885,0.024455249
pratapgarh,0.81317854,0.2786468,0.81317854,0.2786468,37.31180806,0.78964859,78.11652917,0.023529947
tonk,0.91591537,0.34151652,0.91591537,0.34151652,57.19111818,0.89274043,113.6930126,0.023174942
gajapati,0.80059648,0.29396725,0.80059648,0.29396725,17.89563371,0.7788955,57.90391906,0.021700978
farrukhabad,0.87921631,0.18339257,0.87921631,0.18339257,71.10987544,0.85776424,143.9098611,0.021452069
jind,0.87999105,0.43290147,0.87999105,0.43290147,57.66225737,0.86080444,96.04849833,0.019186616
mandla,0.82257366,0.17231275,0.82257366,0.17231275,43.35081978,0.80404085,105.8289018,0.018532813
bijnor,0.8517307,0.31194067,0.8517307,0.31194067,140.9607707,0.8339687,316.574396,0.017762005
kendrapara,0.7972492,0.26394254,0.7972492,0.26394254,51.76445282,0.7814216,117.8161832,0.015827596
rayagada,0.72846597,0.19593979,0.72846597,0.19593979,39.15443601,0.71277505,94.16084442,0.015690923
rohtas,0.87099785,0.22055994,0.87099785,0.22055994,330.2718637,0.85672343,277.2441537,0.014274418
nuapada,0.79095823,0.15318549,0.79095823,0.15318549,21.30966698,0.77686304,59.1489615,0.014095187
jaunpur,0.92155397,0.36471623,0.92155397,0.36471623,161.1078917,0.90825838,349.7815285,0.013295591
guna,0.83333755,0.26273668,0.83333755,0.26273668,52.65564069,0.8212586,121.0338868,0.012078941
east kameng,0.86316848,0.082732067,0.86316848,0.082732067,1.656562989,0.85347795,6.10520996,0.009690523
sitamarhi,0.89215374,0.13869673,0.89215374,0.13869673,400.8982692,0.88581139,337.8249375,0.006342351
koraput,0.73125345,0.19171172,0.73125345,0.19171172,51.86137316,0.72599977,129.7045163,0.005253673
bundi,0.9308964,0.19238737,0.9308964,0.19238737,48.19342329,0.92586601,87.296386,0.005030394
jehanabad,0.85583687,0.13007678,0.85583687,0.13007678,112.7078913,0.85259771,83.47216165,0.003239155
garhwa,0.80504584,0.26011124,0.80504584,0.26011124,46.22858874,0.80254328,105.232339,0.002502561
uttar bastar kanker,0.78206414,0.2224974,0.78206414,0.2224974,29.90457664,0.78012609,75.22992578,0.001938045
aligarh,0.89990103,0.29882592,0.89990103,0.29882592,134.6263062,0.90083808,312.2539734,-0.000937045
east khasi hills,0.85406429,0.11754255,0.85406429,0.11754255,98.04478693,0.85504061,69.722168,-0.000976324
kaimur (bhabua),0.86730868,0.10932591,0.86730868,0.10932591,152.6218645,0.87054777,133.8709959,-0.003239095
shahdol,0.74573553,0.31430659,0.74573553,0.31430659,46.28283265,0.75012147,108.6717666,-0.004385948
hoshangabad,0.78014004,0.18123133,0.78014004,0.18123133,52.48056957,0.78480917,118.8274763,-0.00466913
baghpat,0.88258821,0.29421735,0.88258821,0.29421735,56.76443161,0.89123112,108.2446376,-0.008642912
lahul & spiti,1,0.10451449,1,0.10451449,2.894390004,1.0106391,3.162302002,-0.010639071
umaria,0.8562451,0.078984752,0.8562451,0.078984752,33.50709303,0.87208319,61.30660489,-0.015838087
godda,0.78349513,0.17082961,0.78349513,0.17082961,43.21946365,0.79952449,95.321859,-0.016029358
bareilly,0.88330019,0.22269,0.88330019,0.22269,165.5997174,0.89984334,393.2199044,-0.01654315
bhilwara,0.90304124,0.4494082,0.90304124,0.4494082,58.67390259,0.92072076,202.4037547,-0.017679513
meerut,0.89670402,0.37606749,0.89670402,0.37606749,143.2492972,0.91441852,389.1550111,-0.0177145
faizabad,0.89461315,0.17297897,0.89461315,0.17297897,103.1481107,0.91359806,190.8450916,-0.018984914
arwal,0.85407549,0.040788773,0.85407549,0.040788773,69.07402423,0.87367535,57.03236346,-0.019599855
morena,0.82154554,0.2175321,0.82154554,0.2175321,60.68414247,0.84217656,162.7949064,-0.020631015
ribhoi,0.8211627,0.091423176,0.8211627,0.091423176,33.08202945,0.84202945,19.85614597,-0.020866752
begusarai,0.86855304,0.072145574,0.86855304,0.072145574,498.0956464,0.88983834,318.4342371,-0.021285295
rampur,0.91110235,0.21077067,0.91110235,0.21077067,80.63183093,0.93378633,198.2803773,-0.022683978
shahjahanpur,0.86742586,0.20001599,0.86742586,0.20001599,137.2362435,0.89079809,237.0441173,-0.023372233
rewa,0.77616221,0.085728481,0.77616221,0.085728481,64.53148592,0.80193412,232.5953719,-0.025771916
nagapattinam,0.83322638,0.21263932,0.83322638,0.21263932,50.14308472,0.85911262,236.1627563,-0.025886238
sivaganga,0.96437204,0.54372358,0.96437204,0.54372358,38.8739906,0.99744731,191.535538,-0.033075273
dindori,0.81533337,0.17342404,0.81533337,0.17342404,32.86667895,0.85242081,69.2841799,-0.03708744
ambedkar nagar,0.86670691,0.13108988,0.86670691,0.13108988,82.07492498,0.90469098,245.5291635,-0.037984073
saharanpur,0.87686086,0.12582704,0.87686086,0.12582704,137.2738294,0.91625905,283.2400759,-0.039398193
chitrakoot,0.83618015,0.16045946,0.83618015,0.16045946,34.15798876,0.88139719,88.88308477,-0.045217037
mahamaya nagar,0.83210456,0.20060708,0.83210456,0.20060708,51.67106235,0.8789807,117.3084607,-0.046876132
varanasi,0.84399724,0.24411722,0.84399724,0.24411722,159.783838,0.89243191,312.6452276,-0.048434675
sant ravidas nagar (bhadohi),0.8636744,0.15334953,0.8636744,0.15334953,57.67271364,0.91348976,144.2226419,-0.049815357
betul,0.83464402,0.21064456,0.83464402,0.21064456,62.99578965,0.90483898,149.5265664,-0.07019496
gaya,0.85927838,0.15028164,0.85927838,0.15028164,380.7253568,0.93260568,437.4534283,-0.073327303
banda,0.88276815,0.28892413,0.88276815,0.28892413,74.78969589,0.95869058,126.5105016,-0.07592243
pilibhit,0.81820393,0.16380963,0.81820393,0.16380963,70.45605162,0.89699787,167.1406482,-0.078793943
malkangiri,0.67351365,0.068244658,0.67351365,0.068244658,21.38430704,0.75867099,53.53163907,-0.085157335
khandwa (east nimar),0.71254963,0.15782954,0.71254963,0.15782954,10.53853333,0.81189656,135.5364524,-0.099346936
sabar kantha,0.86968201,0.21055542,0.86968201,0.21055542,164.7770363,,,
dhubri,0.8532244,0.1513135,0.8532244,0.1513135,156.5105909,,,
budaun,0.87722582,0.17065248,0.87722582,0.17065248,112.8565045,,,
jagitial,0.98818308,0.34608439,0.98818308,0.34608439,105.5282775,,,
jorhat,0.84085929,0.39641422,0.84085929,0.39641422,126.9074846,,,
south west khasi hills,0.74324292,0.044106197,0.74324292,0.044106197,13.05720806,,,
bhavnagar,0.96420348,0.1847066,0.96420348,0.1847066,282.2403371,,,
durg,0.95298535,0.43529937,0.95298535,0.43529937,84.79939982,,,
biswanath,0.88216907,0.30946523,0.88216907,0.30946523,53.87961173,,,
aravali,0.8601073,0.12542351,0.8601073,0.12542351,151.3982264,,,
warangal urban,0.98539191,0.48804551,0.98539191,0.48804551,143.503158,,,
kurung kumey,0.88474011,0.46732599,0.88474011,0.46732599,1.171352992,,,
shahdara,0.9751128,0.55256492,0.9751128,0.55256492,62.34062907,,,
kheda,0.86097527,0.17327921,0.86097527,0.17327921,312.4825846,,,
south,0.9797616,0.70702028,0.9797616,0.70702028,54.32506335,,,
warangal rural,0.96233547,0.25358436,0.96233547,0.25358436,94.35287648,,,
unakoti,0.89192402,0.058446918,0.89192402,0.058446918,28.44415115,,,
surguja,0.80864704,0.18241987,0.80864704,0.18241987,34.83251783,,,
surendranagar,0.94564819,0.11827105,0.94564819,0.11827105,182.1099133,,,
south tripura,0.78673595,0.19946928,0.78673595,0.19946928,46.55537957,,,
balod,0.86835635,0.42930368,0.86835635,0.42930368,35.57903378,,,
nizamabad,0.93866092,0.46631709,0.93866092,0.46631709,169.2676268,,,
thane,0.94689214,0.60972095,0.94689214,0.60972095,1221.544355,,,
khowai,0.92245466,0.04321574,0.92245466,0.04321574,45.63805363,,,
north,0.91143858,0.3145456,0.91143858,0.3145456,64.87462994,,,
mahabubabad,0.93093801,0.12645775,0.93093801,0.12645775,101.5459578,,,
balrampur,0.76818085,0.13758753,0.76818085,0.13758753,28.33303219,,,
jangoan,0.96659976,0.23283885,0.96659976,0.23283885,69.03628907,,,
karbi anglong,0.83414394,0.24047352,0.83414394,0.24047352,86.24627405,,,
charaideo,0.83860195,0.16270925,0.83860195,0.16270925,59.87764072,,,
vikarabad,0.96132767,0.20174117,0.96132767,0.20174117,118.0339104,,,
north garo hills,0.78232342,0.25883842,0.78232342,0.25883842,19.72951692,,,
nirmal,0.98979795,0.28241006,0.98979795,0.28241006,67.6840142,,,
mungeli,0.82067609,0.2157166,0.82067609,0.2157166,24.01821607,,,
adilabad,0.90498763,0.26297173,0.90498763,0.26297173,95.73362327,,,
shajapur,0.88479781,0.2026659,0.88479781,0.2026659,40.38759024,,,
gariyaband,0.87341011,0.12761261,0.87341011,0.12761261,26.65055119,,,
firozpur,0.91097474,0.2649031,0.91097474,0.2649031,28.96285592,,,
bhiwani,0.85949749,0.352624,0.85949749,0.352624,48.9276475,,,
central,0.90895545,0.3218669,0.90895545,0.3218669,61.64376295,,,
sepahijala,0.87095803,0.058529306,0.87095803,0.058529306,60.64174539,,,
hapur,0.87883478,0.33741102,0.87883478,0.33741102,66.67811786,,,
dantewada,0.73082817,0.38659966,0.73082817,0.38659966,12.53617908,,,
west jaintia hills,0.69207966,0.082899153,0.69207966,0.082899153,32.40192607,,,
vadodara,0.86090934,0.40791067,0.86090934,0.40791067,403.1064206,,,
299,,,,,,0.90623975,28.32077324,
158,,,,,,0.75912929,340.1016561,
533,,,,,,0.72962695,202.3824025,
gir somnath,0.84563214,0.11612008,0.84563214,0.11612008,169.3377653,,,
294,,,,,,0.78243482,32.92455094,
east garo hills,0.86017972,0.26453128,0.86017972,0.26453128,24.25825285,,,
morbi,0.94449186,0.29639763,0.94449186,0.29639763,127.7205621,,,
north east,0.95288408,0.4161931,0.95288408,0.4161931,73.28460339,,,
moradabad,0.84949034,0.13609704,0.84949034,0.13609704,108.8775778,,,
nagaon,0.96512568,0.19941993,0.96512568,0.19941993,339.2679056,,,
muzaffarnagar,0.88306183,0.2055662,0.88306183,0.2055662,121.003891,,,
medak,0.9379077,0.24331021,0.9379077,0.24331021,88.69131643,,,
sambhal,0.89741933,0.17787939,0.89741933,0.17787939,85.29802951,,,
mancherial,0.9926728,0.49254754,0.9926728,0.49254754,97.28934506,,,
palghar,0.90752751,0.36321753,0.90752751,0.36321753,368.9979026,,,
mahabubnagar,0.93187284,0.3636148,0.93187284,0.3636148,150.215448,,,
tirap,0.88701499,0.58951604,0.88701499,0.58951604,1.800840993,,,
south west garo hills,0.89607799,0.16502428,0.89607799,0.16502428,16.78948312,,,
sivasagar,0.82425624,0.1050946,0.82425624,0.1050946,87.10653108,,,
lohit,0.90905535,0.37409058,0.90905535,0.37409058,1.671093001,,,
junagadh,0.88496369,0.056224536,0.88496369,0.056224536,215.0305868,,,
amethi,0.8796699,0.27034023,0.8796699,0.27034023,62.08418795,,,
raipur,0.87962192,0.2568531,0.87962192,0.2568531,118.7059749,,,
siang,0.9692539,0.36188507,0.9692539,0.36188507,0.779025994,,,
ghaziabad,0.88052589,0.41744706,0.88052589,0.41744706,174.4236723,,,
kra daadi,0.93665469,0.38490587,0.93665469,0.38490587,0.83625798,,,
east jantia hills,0.83464897,0.054661959,0.83464897,0.054661959,17.23596993,,,
charkhi dadri,0.9031716,0.41716835,0.9031716,0.41716835,17.62293328,,,
west khasi hills,0.91409683,0.052560031,0.91409683,0.052560031,32.40863509,,,
west karbi anglong,0.83948112,0.20859489,0.83948112,0.20859489,32.32812272,,,
jogulamba gadwal,0.9911679,0.2785762,0.9911679,0.2785762,64.74381918,,,
komaram bheem asifabad,0.93754846,0.22155066,0.93754846,0.22155066,61.54004604,,,
jayashankar bhupalapally,0.91702622,0.2873857,0.91702622,0.2873857,89.64812654,,,
majuli,0.87251377,0.30042836,0.87251377,0.30042836,18.76322406,,,
fazilka,0.89717662,0.23489267,0.89717662,0.23489267,52.99865715,,,
sangareddy,0.96585393,0.24863403,0.96585393,0.24863403,123.0794441,,,
south east,0.9564932,0.59423012,0.9564932,0.59423012,79.61298862,,,
medchal-malkajgiri,0.96046937,0.58199108,0.96046937,0.58199108,75.85019404,,,
karimnagar,0.97869045,0.33511713,0.97869045,0.33511713,117.3531147,,,
west,0.97840929,0.4066512,0.97840929,0.4066512,153.2506934,,,
botad,0.9661445,0.13057876,0.9661445,0.13057876,82.07512563,,,
shamli,0.87826383,0.13724576,0.87826383,0.13724576,51.76788554,,,
bilaspur,0.84054315,0.27339023,0.84054315,0.27339023,100.1607322,,,
kodagaon,0.76291466,0.085221484,0.76291466,0.085221484,19.67929288,,,
jamnagar,0.97010499,0.31219921,0.97010499,0.31219921,166.2098606,,,
gurdaspur,0.90849519,0.4187732,0.90849519,0.4187732,65.28330675,,,
devbhumi dwarka,0.85717696,0.19474851,0.85717696,0.19474851,104.8694814,,,
agar malwa,0.92735022,0.096127249,0.92735022,0.096127249,19.52222714,,,
north west,0.95816141,0.62063849,0.95816141,0.62063849,108.9119471,,,
ranga reddy,0.93628085,0.52852845,0.93628085,0.52852845,295.3764457,,,
sukma,0.66902518,0.14223605,0.66902518,0.14223605,9.423472922,,,
sonitpur,0.86592776,0.10904234,0.86592776,0.10904234,158.5548677,,,
hojai,0.8576737,0.24145408,0.8576737,0.24145408,32.00032209,,,
panch mahals,0.80650496,0.15647309,0.80650496,0.15647309,249.8658675,,,
east,0.9469229,0.51127273,0.9469229,0.51127273,68.88789752,,,
south west,0.94112194,0.51366186,0.94112194,0.51366186,59.2619614,,,
surajpur,0.84734142,0.17792031,0.84734142,0.17792031,21.10912637,,,
hyderabad,0.96242553,0.59966582,0.96242553,0.59966582,651.7912936,,,
bhadradri kothagudem,0.93205178,0.26926041,0.93205178,0.26926041,135.0737175,,,
west garo hills,0.93161148,0.21151501,0.93161148,0.21151501,65.02485438,,,
purba barddhaman,0.86414075,0.16993336,0.86414075,0.16993336,701.1845293,,,
bemetara,0.87442124,0.25526077,0.87442124,0.25526077,31.91311103,,,
khammam,0.90548909,0.46999276,0.90548909,0.46999276,211.5135742,,,
rajkot,0.93380129,0.2111569,0.93380129,0.2111569,368.5329815,,,
kamareddy,0.95934552,0.20212092,0.95934552,0.20212092,105.089314,,,
siddipet,1,0.41510332,1,0.41510332,122.7205693,,,
baloda bazar,0.891352,0.14900678,0.891352,0.14900678,52.25253765,,,
peddapalli,0.95298785,0.45807263,0.95298785,0.45807263,107.2924113,,,
rajanna sircilla,0.98162884,0.42061797,0.98162884,0.42061797,60.82713655,,,
gomati,0.92186522,0.078324467,0.92186522,0.078324467,44.38953722,,,
bastar,0.76770365,0.22723535,0.76770365,0.22723535,31.76941688,,,
ahmadabad,0.981767,0.5195958,0.981767,0.5195958,831.4998403,,,
paschim barddhaman,0.86483383,0.044214226,0.86483383,0.044214226,425.3615386,,,
suryapet,0.97538716,0.24154952,0.97538716,0.24154952,130.4616805,,,
nagarkurnool,0.91424602,0.41130772,0.91424602,0.41130772,121.9219214,,,
longding,0.89103705,0.13898103,0.89103705,0.13898103,1.247048006,,,
yadadri bhuvanagiri,0.96273184,0.44615805,0.96273184,0.44615805,95.47706133,,,
mahisagar,0.797553,0.16066435,0.797553,0.16066435,133.4179914,,,
west siang,0.96928889,0.34041587,0.96928889,0.34041587,2.648746969,,,
wanaparthy,0.93595868,0.26747164,0.93595868,0.26747164,65.04948381,,,
namsai,0.89352912,0.2958031,0.89352912,0.2958031,3.427688979,,,
east siang,0.91555089,0.25207853,0.91555089,0.25207853,2.39003098,,,
north tripura,0.92107028,0.12940566,0.92107028,0.12940566,43.88727883,,,
nalgonda,0.99068093,0.42322257,0.99068093,0.42322257,191.253186,,,
south salmara mancachar,0.87789202,0.2201048,0.87789202,0.2201048,80.83107579,,,
pathankot,0.96604377,0.46829519,0.96604377,0.46829519,23.03906964,,,
sultanpur,0.86063558,0.17285731,0.86063558,0.17285731,76.0395433,,,
west tripura,0.92265391,0.076276802,0.92265391,0.076276802,140.1279192,,,
chhota udaipur,0.82048953,0.11419649,0.82048953,0.11419649,123.0654458,,,
new delhi,0.92857784,0.35539153,0.92857784,0.35539153,60.50294799,,,
